{
  "q01_run1": 7.670115258,
  "q01_run2": 2.721455518,
  "q02_run1": 2.006454732,
  "q02_run2": 1.757611883,
  "q03_run1": 1.889722964,
  "q03_run2": 1.825432354,
  "q04_run1": 1.919017763,
  "q04_run2": 1.716241269,
  "q05_run1": 1.695217260,
  "q05_run2": 1.666656907,
  "q06_run1": 1.676467213,
  "q06_run2": 1.660543851
}
