query,run,execution_time
q01,1,7.670115258
q01,2,2.721455518
q02,1,2.006454732
q02,2,1.757611883
q03,1,1.889722964
q03,2,1.825432354
q04,1,1.919017763
q04,2,1.716241269
q05,1,1.695217260
q05,2,1.666656907
q06,1,1.676467213
q06,2,1.660543851
